journey_id,customer_id,path,touch_dates,touch_count,converted,revenue
1,C1001,Social Media > Physical Store > Social Media Ads,2023-04-23 | 2023-04-24 | 2023-04-29,3,0,0
2,C1002,Physical Store > Social Media > Social Media > Physical Store > Email,2024-02-13 | 2024-02-16 | 2024-02-19 | 2024-02-16 | 2024-02-17,5,1,9398
3,C1003,Website > Social Media Ads > Website > Affiliates > Affiliates,2024-07-07 | 2024-07-09 | 2024-07-13 | 2024-07-10 | 2024-07-11,5,0,0
4,C1004,Social Media > Social Media > Website > Email > Affiliates,2023-03-08 | 2023-03-10 | 2023-03-12 | 2023-03-14 | 2023-03-12,5,1,7096
5,C1005,Website > Physical Store > Affiliates > Email,2024-01-19 | 2024-01-20 | 2024-01-21 | 2024-01-22,4,1,1838
6,C1006,Social Media > Physical Store > Email > Physical Store,2024-04-14 | 2024-04-15 | 2024-04-20 | 2024-04-23,4,0,0
7,C1007,Physical Store > Physical Store,2023-09-19 | 2023-09-22,2,1,8579
8,C1008,Social Media Ads > Social Media Ads > Website > Email > Affiliates,2023-10-23 | 2023-10-26 | 2023-10-29 | 2023-11-01 | 2023-11-04,5,1,6188
9,C1009,Affiliates > Website,2024-01-18 | 2024-01-21,2,1,2789
10,C1010,Physical Store > Affiliates > Website > Email,2023-03-10 | 2023-03-12 | 2023-03-14 | 2023-03-19,4,1,8999
11,C1011,Email > Email > Website,2024-06-26 | 2024-06-27 | 2024-06-30,3,1,3458
12,C1012,Website > Social Media Ads > Website > Email,2024-09-09 | 2024-09-12 | 2024-09-13 | 2024-09-18,4,1,5545
13,C1013,Website > Email > Email > Social Media Ads > Affiliates,2023-05-12 | 2023-05-15 | 2023-05-14 | 2023-05-15 | 2023-05-16,5,0,0
14,C1014,Website > Website,2023-10-14 | 2023-10-16,2,1,6762
15,C1015,Social Media Ads > Physical Store > Website > Social Media Ads > Email,2023-10-13 | 2023-10-15 | 2023-10-15 | 2023-10-19 | 2023-10-17,5,0,0
16,C1016,Social Media > Social Media Ads,2024-08-10 | 2024-08-13,2,1,7185
17,C1017,Affiliates > Physical Store > Website > Email > Affiliates,2023-11-06 | 2023-11-08 | 2023-11-08 | 2023-11-09 | 2023-11-10,5,0,0
18,C1018,Physical Store > Website > Website > Website > Affiliates,2023-06-18 | 2023-06-19 | 2023-06-24 | 2023-06-24 | 2023-06-30,5,0,0
19,C1019,Website > Email,2023-01-05 | 2023-01-08,2,0,0
20,C1020,Social Media > Affiliates > Physical Store > Social Media,2023-10-03 | 2023-10-06 | 2023-10-07 | 2023-10-09,4,1,2104
21,C1021,Affiliates > Social Media > Physical Store,2023-08-26 | 2023-08-29 | 2023-08-30,3,0,0
22,C1022,Social Media Ads > Affiliates > Physical Store > Social Media,2024-07-01 | 2024-07-02 | 2024-07-03 | 2024-07-07,4,1,1553
23,C1023,Affiliates > Physical Store > Affiliates,2023-02-15 | 2023-02-18 | 2023-02-17,3,1,6476
24,C1024,Website > Email > Social Media > Physical Store > Email,2024-09-06 | 2024-09-07 | 2024-09-12 | 2024-09-12 | 2024-09-18,5,1,8236
25,C1025,Social Media > Email > Affiliates > Website > Email,2023-12-05 | 2023-12-08 | 2023-12-07 | 2023-12-14 | 2023-12-09,5,0,0
26,C1026,Email > Website > Affiliates,2024-06-21 | 2024-06-23 | 2024-06-27,3,0,0
27,C1027,Website > Social Media > Affiliates,2024-09-17 | 2024-09-19 | 2024-09-21,3,1,7632
28,C1028,Email > Social Media Ads > Affiliates,2024-12-09 | 2024-12-12 | 2024-12-15,3,0,0
29,C1029,Affiliates > Website > Affiliates > Social Media > Social Media Ads,2024-11-17 | 2024-11-18 | 2024-11-19 | 2024-11-26 | 2024-11-25,5,1,2238
30,C1030,Social Media > Social Media Ads > Email > Social Media Ads > Social Media,2024-08-14 | 2024-08-15 | 2024-08-16 | 2024-08-20 | 2024-08-22,5,1,6222
31,C1031,Social Media > Email > Email,2024-04-21 | 2024-04-23 | 2024-04-23,3,0,0
32,C1032,Website > Website,2024-10-08 | 2024-10-11,2,0,0
33,C1033,Social Media > Email > Social Media > Social Media Ads > Social Media,2024-09-28 | 2024-09-29 | 2024-10-04 | 2024-10-04 | 2024-10-06,5,0,0
34,C1034,Website > Physical Store > Social Media > Physical Store,2023-06-21 | 2023-06-23 | 2023-06-25 | 2023-06-30,4,0,0
35,C1035,Website > Website > Physical Store,2023-07-02 | 2023-07-04 | 2023-07-06,3,1,2027
36,C1036,Social Media > Affiliates,2024-06-15 | 2024-06-16,2,1,6520
37,C1037,Affiliates > Affiliates > Website > Website,2024-11-25 | 2024-11-28 | 2024-12-01 | 2024-12-01,4,0,0
38,C1038,Affiliates > Website,2024-01-13 | 2024-01-15,2,0,0
39,C1039,Affiliates > Physical Store,2023-08-19 | 2023-08-20,2,1,9705
40,C1040,Social Media Ads > Social Media > Physical Store > Physical Store,2023-10-18 | 2023-10-20 | 2023-10-24 | 2023-10-21,4,1,7881
41,C1041,Social Media Ads > Physical Store > Social Media,2023-06-15 | 2023-06-17 | 2023-06-17,3,1,7855
42,C1042,Physical Store > Affiliates > Physical Store > Social Media,2024-08-08 | 2024-08-09 | 2024-08-14 | 2024-08-17,4,1,2408
43,C1043,Affiliates > Social Media,2024-05-25 | 2024-05-27,2,1,7860
44,C1044,Email > Affiliates,2023-12-10 | 2023-12-12,2,1,4238
45,C1045,Affiliates > Social Media > Social Media > Social Media Ads,2023-08-26 | 2023-08-27 | 2023-09-01 | 2023-09-01,4,1,8922
46,C1046,Physical Store > Email,2024-04-05 | 2024-04-06,2,1,7909
47,C1047,Email > Social Media Ads > Email > Affiliates,2023-10-13 | 2023-10-16 | 2023-10-17 | 2023-10-22,4,0,0
48,C1048,Website > Social Media Ads > Physical Store > Affiliates > Website,2024-10-12 | 2024-10-13 | 2024-10-14 | 2024-10-21 | 2024-10-20,5,1,7606
49,C1049,Affiliates > Website,2023-03-02 | 2023-03-04,2,0,0
50,C1050,Social Media Ads > Email > Physical Store > Physical Store > Social Media,2024-10-09 | 2024-10-12 | 2024-10-11 | 2024-10-15 | 2024-10-17,5,1,6861
51,C1051,Email > Social Media,2023-03-20 | 2023-03-23,2,1,1502
52,C1052,Affiliates > Social Media Ads > Affiliates > Affiliates,2023-03-30 | 2023-04-01 | 2023-04-05 | 2023-04-05,4,0,0
53,C1053,Social Media Ads > Affiliates > Email,2023-12-15 | 2023-12-16 | 2023-12-19,3,1,9167
54,C1054,Social Media > Affiliates > Website > Affiliates,2024-05-19 | 2024-05-20 | 2024-05-25 | 2024-05-25,4,0,0
55,C1055,Affiliates > Email > Website > Website > Affiliates,2023-09-10 | 2023-09-12 | 2023-09-12 | 2023-09-16 | 2023-09-18,5,0,0
56,C1056,Affiliates > Affiliates > Affiliates > Website > Social Media,2023-01-10 | 2023-01-12 | 2023-01-16 | 2023-01-16 | 2023-01-14,5,0,0
57,C1057,Social Media > Email,2023-06-25 | 2023-06-26,2,0,0
58,C1058,Affiliates > Email,2024-06-07 | 2024-06-09,2,1,1507
59,C1059,Social Media Ads > Physical Store > Affiliates > Physical Store,2024-04-18 | 2024-04-21 | 2024-04-22 | 2024-04-21,4,0,0
60,C1060,Social Media > Physical Store,2023-07-25 | 2023-07-26,2,0,0
61,C1061,Social Media Ads > Social Media Ads,2024-10-27 | 2024-10-28,2,0,0
62,C1062,Physical Store > Email,2024-09-16 | 2024-09-17,2,1,3145
63,C1063,Website > Email > Social Media > Email,2023-02-09 | 2023-02-12 | 2023-02-15 | 2023-02-12,4,0,0
64,C1064,Social Media > Email,2024-05-02 | 2024-05-05,2,1,9316
65,C1065,Affiliates > Social Media > Email > Social Media > Website,2023-12-09 | 2023-12-11 | 2023-12-15 | 2023-12-15 | 2023-12-21,5,1,2251
66,C1066,Physical Store > Email > Email > Website > Affiliates,2024-11-15 | 2024-11-18 | 2024-11-19 | 2024-11-21 | 2024-11-23,5,1,2750
67,C1067,Social Media > Social Media Ads,2024-10-16 | 2024-10-18,2,1,8739
68,C1068,Social Media > Affiliates,2024-05-10 | 2024-05-11,2,0,0
69,C1069,Social Media > Social Media Ads > Website,2024-12-28 | 2024-12-30 | 2025-01-01,3,0,0
70,C1070,Social Media Ads > Social Media Ads > Social Media > Physical Store,2024-08-11 | 2024-08-12 | 2024-08-17 | 2024-08-17,4,0,0
71,C1071,Social Media Ads > Physical Store > Website > Affiliates,2023-06-30 | 2023-07-02 | 2023-07-02 | 2023-07-09,4,1,4148
72,C1072,Email > Social Media Ads > Affiliates,2024-03-29 | 2024-03-31 | 2024-03-31,3,0,0
73,C1073,Social Media > Email > Social Media > Affiliates > Physical Store,2023-09-18 | 2023-09-19 | 2023-09-20 | 2023-09-27 | 2023-09-26,5,0,0
74,C1074,Physical Store > Affiliates > Email > Website > Social Media,2023-12-10 | 2023-12-12 | 2023-12-14 | 2023-12-19 | 2023-12-14,5,0,0
75,C1075,Website > Physical Store > Email > Website > Email,2023-12-12 | 2023-12-13 | 2023-12-16 | 2023-12-15 | 2023-12-20,5,1,4184
76,C1076,Physical Store > Social Media Ads > Email > Social Media,2024-09-06 | 2024-09-08 | 2024-09-12 | 2024-09-12,4,0,0
77,C1077,Social Media > Website > Social Media Ads > Email,2023-04-17 | 2023-04-18 | 2023-04-21 | 2023-04-20,4,1,8566
78,C1078,Email > Physical Store > Website > Email > Physical Store,2023-10-13 | 2023-10-15 | 2023-10-15 | 2023-10-19 | 2023-10-21,5,1,2034
79,C1079,Website > Email,2023-05-20 | 2023-05-23,2,0,0
80,C1080,Email > Affiliates > Email,2023-04-11 | 2023-04-13 | 2023-04-13,3,0,0
81,C1081,Affiliates > Website > Affiliates > Website > Website,2023-05-24 | 2023-05-25 | 2023-05-30 | 2023-06-02 | 2023-06-01,5,1,5445
82,C1082,Social Media > Email > Social Media > Social Media > Website,2023-12-20 | 2023-12-22 | 2023-12-22 | 2023-12-26 | 2023-12-24,5,0,0
83,C1083,Social Media > Email,2023-11-03 | 2023-11-05,2,1,9774
84,C1084,Email > Social Media,2024-10-10 | 2024-10-11,2,0,0
85,C1085,Social Media > Social Media Ads > Website > Social Media Ads > Social Media Ads,2023-02-20 | 2023-02-22 | 2023-02-22 | 2023-02-23 | 2023-02-24,5,0,0
86,C1086,Website > Email > Affiliates > Social Media > Affiliates,2024-08-02 | 2024-08-05 | 2024-08-08 | 2024-08-08 | 2024-08-10,5,1,1068
87,C1087,Social Media Ads > Physical Store > Email > Social Media > Affiliates,2024-11-30 | 2024-12-03 | 2024-12-02 | 2024-12-06 | 2024-12-04,5,1,3753
88,C1088,Email > Social Media,2024-12-14 | 2024-12-16,2,1,1253
89,C1089,Website > Social Media > Website,2023-06-10 | 2023-06-11 | 2023-06-16,3,0,0
90,C1090,Social Media Ads > Social Media > Social Media Ads > Affiliates > Email,2023-06-08 | 2023-06-10 | 2023-06-12 | 2023-06-17 | 2023-06-12,5,0,0
91,C1091,Affiliates > Email > Email > Email > Website,2023-01-07 | 2023-01-08 | 2023-01-13 | 2023-01-16 | 2023-01-15,5,1,2713
92,C1092,Email > Affiliates > Affiliates > Email > Physical Store,2023-07-31 | 2023-08-03 | 2023-08-06 | 2023-08-03 | 2023-08-12,5,1,8019
93,C1093,Website > Affiliates > Social Media Ads,2024-04-15 | 2024-04-16 | 2024-04-17,3,1,2646
94,C1094,Email > Email > Website > Social Media Ads > Social Media Ads,2023-02-15 | 2023-02-17 | 2023-02-21 | 2023-02-21 | 2023-02-27,5,0,0
95,C1095,Physical Store > Website > Social Media,2024-09-19 | 2024-09-21 | 2024-09-23,3,0,0
96,C1096,Social Media Ads > Email > Social Media,2023-03-08 | 2023-03-10 | 2023-03-14,3,1,2397
97,C1097,Website > Email > Physical Store > Website,2023-09-28 | 2023-10-01 | 2023-09-30 | 2023-10-01,4,1,6335
98,C1098,Physical Store > Website,2023-11-01 | 2023-11-03,2,1,5987
99,C1099,Physical Store > Social Media > Affiliates > Website > Social Media,2024-06-14 | 2024-06-17 | 2024-06-18 | 2024-06-17 | 2024-06-18,5,1,9378
100,C1100,Website > Social Media > Social Media Ads > Physical Store > Email,2024-05-15 | 2024-05-16 | 2024-05-21 | 2024-05-18 | 2024-05-19,5,0,0
101,C1101,Physical Store > Affiliates,2024-10-22 | 2024-10-25,2,1,9649
102,C1102,Email > Social Media Ads > Website > Physical Store,2024-06-16 | 2024-06-17 | 2024-06-22 | 2024-06-22,4,0,0
103,C1103,Social Media Ads > Affiliates > Social Media Ads > Physical Store > Social Media Ads,2023-12-19 | 2023-12-20 | 2023-12-23 | 2023-12-25 | 2023-12-23,5,1,5613
104,C1104,Social Media Ads > Social Media Ads > Email > Website > Social Media,2024-09-23 | 2024-09-25 | 2024-09-27 | 2024-10-02 | 2024-10-05,5,0,0
105,C1105,Physical Store > Affiliates,2023-12-29 | 2023-12-31,2,0,0
106,C1106,Email > Website,2024-01-12 | 2024-01-15,2,1,4653
107,C1107,Website > Social Media Ads > Affiliates > Email > Social Media Ads,2024-04-03 | 2024-04-05 | 2024-04-07 | 2024-04-12 | 2024-04-15,5,0,0
108,C1108,Physical Store > Social Media,2023-11-30 | 2023-12-01,2,1,3616
109,C1109,Physical Store > Affiliates > Social Media > Physical Store > Physical Store,2024-04-22 | 2024-04-23 | 2024-04-28 | 2024-04-25 | 2024-05-04,5,1,3575
110,C1110,Email > Email > Affiliates,2024-08-07 | 2024-08-08 | 2024-08-11,3,0,0
111,C1111,Email > Social Media Ads > Social Media > Email,2023-04-21 | 2023-04-22 | 2023-04-23 | 2023-04-24,4,0,0
112,C1112,Physical Store > Website > Email > Social Media Ads,2024-07-15 | 2024-07-18 | 2024-07-19 | 2024-07-24,4,1,6390
113,C1113,Physical Store > Social Media Ads > Email > Website > Affiliates,2024-04-28 | 2024-05-01 | 2024-05-04 | 2024-05-01 | 2024-05-10,5,1,7820
114,C1114,Social Media Ads > Physical Store > Website > Social Media Ads,2024-06-16 | 2024-06-18 | 2024-06-18 | 2024-06-22,4,0,0
115,C1115,Physical Store > Social Media > Affiliates > Physical Store > Website,2023-12-02 | 2023-12-03 | 2023-12-08 | 2023-12-05 | 2023-12-06,5,0,0
116,C1116,Affiliates > Social Media > Affiliates,2024-02-03 | 2024-02-04 | 2024-02-09,3,1,7607
117,C1117,Website > Email,2023-10-25 | 2023-10-28,2,1,5567
118,C1118,Physical Store > Website > Website > Social Media > Social Media Ads,2023-01-29 | 2023-01-31 | 2023-02-02 | 2023-02-07 | 2023-02-10,5,1,8887
119,C1119,Physical Store > Email > Affiliates > Social Media Ads,2023-11-14 | 2023-11-16 | 2023-11-18 | 2023-11-20,4,1,8067
120,C1120,Website > Physical Store > Social Media Ads > Email,2024-04-27 | 2024-04-30 | 2024-05-03 | 2024-05-03,4,1,7375
121,C1121,Social Media > Affiliates > Website > Affiliates > Physical Store,2024-03-11 | 2024-03-13 | 2024-03-15 | 2024-03-14 | 2024-03-19,5,0,0
122,C1122,Website > Website > Affiliates > Email,2024-03-11 | 2024-03-14 | 2024-03-15 | 2024-03-17,4,0,0
123,C1123,Social Media Ads > Social Media > Social Media Ads > Physical Store,2023-04-06 | 2023-04-08 | 2023-04-08 | 2023-04-15,4,1,5586
124,C1124,Social Media > Website > Affiliates,2023-04-07 | 2023-04-08 | 2023-04-13,3,0,0
125,C1125,Social Media > Social Media Ads > Affiliates > Social Media,2023-04-28 | 2023-05-01 | 2023-05-02 | 2023-05-07,4,0,0
126,C1126,Social Media > Social Media Ads > Website,2024-09-03 | 2024-09-05 | 2024-09-05,3,0,0
127,C1127,Website > Physical Store > Affiliates,2024-06-23 | 2024-06-24 | 2024-06-27,3,0,0
128,C1128,Social Media Ads > Physical Store,2024-04-02 | 2024-04-05,2,1,1696
129,C1129,Social Media > Physical Store > Social Media > Physical Store > Social Media Ads,2024-07-23 | 2024-07-25 | 2024-07-27 | 2024-08-01 | 2024-07-31,5,1,3687
130,C1130,Website > Social Media,2024-05-18 | 2024-05-19,2,1,7731
131,C1131,Physical Store > Physical Store > Email > Affiliates,2023-06-28 | 2023-06-30 | 2023-06-30 | 2023-07-07,4,1,6426
132,C1132,Physical Store > Affiliates > Website > Social Media Ads > Email,2024-08-04 | 2024-08-05 | 2024-08-06 | 2024-08-10 | 2024-08-08,5,0,0
133,C1133,Physical Store > Social Media Ads > Email > Social Media Ads,2023-06-05 | 2023-06-06 | 2023-06-09 | 2023-06-11,4,0,0
134,C1134,Email > Email,2023-10-11 | 2023-10-13,2,0,0
135,C1135,Email > Social Media > Email > Social Media,2024-12-04 | 2024-12-06 | 2024-12-06 | 2024-12-07,4,0,0
136,C1136,Affiliates > Website > Website > Social Media,2023-10-17 | 2023-10-18 | 2023-10-21 | 2023-10-26,4,1,9603
137,C1137,Affiliates > Social Media > Social Media Ads > Affiliates,2023-08-05 | 2023-08-06 | 2023-08-11 | 2023-08-11,4,0,0
138,C1138,Website > Email > Website > Physical Store > Physical Store,2024-09-20 | 2024-09-21 | 2024-09-22 | 2024-09-29 | 2024-10-02,5,1,7092
139,C1139,Social Media Ads > Website > Physical Store > Social Media Ads,2023-01-02 | 2023-01-03 | 2023-01-04 | 2023-01-05,4,1,4037
140,C1140,Email > Website,2024-02-16 | 2024-02-19,2,0,0
141,C1141,Website > Physical Store > Social Media Ads > Social Media Ads > Social Media Ads,2024-04-23 | 2024-04-26 | 2024-04-27 | 2024-04-26 | 2024-04-27,5,0,0
142,C1142,Social Media Ads > Social Media > Physical Store,2023-06-20 | 2023-06-22 | 2023-06-26,3,1,6335
143,C1143,Social Media > Website > Social Media,2023-12-02 | 2023-12-05 | 2023-12-06,3,1,2450
144,C1144,Physical Store > Email > Email,2023-08-05 | 2023-08-07 | 2023-08-11,3,0,0
145,C1145,Affiliates > Affiliates > Social Media,2024-10-22 | 2024-10-24 | 2024-10-28,3,1,3567
146,C1146,Physical Store > Affiliates,2023-05-31 | 2023-06-01,2,1,2369
147,C1147,Physical Store > Affiliates > Social Media Ads > Website > Email,2024-02-29 | 2024-03-02 | 2024-03-06 | 2024-03-03 | 2024-03-04,5,0,0
148,C1148,Email > Social Media Ads,2024-08-30 | 2024-09-01,2,1,5116
149,C1149,Email > Affiliates > Website > Physical Store,2023-07-18 | 2023-07-19 | 2023-07-22 | 2023-07-21,4,0,0
150,C1150,Social Media > Social Media Ads > Affiliates > Email,2023-02-09 | 2023-02-12 | 2023-02-13 | 2023-02-18,4,0,0
151,C1151,Physical Store > Website,2023-09-05 | 2023-09-08,2,1,4308
152,C1152,Social Media > Email,2023-12-07 | 2023-12-09,2,1,3431
153,C1153,Social Media Ads > Website > Physical Store > Affiliates,2023-04-05 | 2023-04-08 | 2023-04-09 | 2023-04-14,4,1,5136
154,C1154,Affiliates > Website > Website,2023-05-21 | 2023-05-24 | 2023-05-25,3,1,7482
155,C1155,Social Media > Social Media Ads > Physical Store > Physical Store > Email,2024-06-25 | 2024-06-28 | 2024-07-01 | 2024-07-01 | 2024-06-29,5,0,0
156,C1156,Website > Email > Physical Store > Affiliates,2023-12-19 | 2023-12-22 | 2023-12-23 | 2023-12-22,4,1,7921
157,C1157,Email > Social Media > Social Media > Website,2024-07-01 | 2024-07-02 | 2024-07-03 | 2024-07-04,4,1,8499
158,C1158,Social Media > Affiliates > Affiliates > Social Media,2023-10-04 | 2023-10-07 | 2023-10-10 | 2023-10-07,4,1,6569
159,C1159,Physical Store > Physical Store,2023-08-19 | 2023-08-20,2,0,0
160,C1160,Email > Email > Affiliates > Email > Website,2023-01-30 | 2023-02-02 | 2023-02-05 | 2023-02-08 | 2023-02-03,5,1,2700
161,C1161,Affiliates > Website > Affiliates > Affiliates,2023-05-03 | 2023-05-05 | 2023-05-07 | 2023-05-09,4,1,4214
162,C1162,Social Media Ads > Affiliates > Affiliates > Affiliates,2024-08-16 | 2024-08-17 | 2024-08-20 | 2024-08-25,4,1,3758
163,C1163,Physical Store > Website > Affiliates,2023-10-02 | 2023-10-05 | 2023-10-08,3,0,0
164,C1164,Website > Website > Affiliates,2024-02-08 | 2024-02-11 | 2024-02-14,3,1,7843
165,C1165,Physical Store > Email > Website > Physical Store > Website,2024-07-23 | 2024-07-25 | 2024-07-25 | 2024-07-29 | 2024-07-31,5,0,0
166,C1166,Social Media > Physical Store > Social Media > Affiliates > Affiliates,2024-02-17 | 2024-02-18 | 2024-02-19 | 2024-02-26 | 2024-02-25,5,1,7037
167,C1167,Social Media > Email > Physical Store > Affiliates > Physical Store,2024-01-03 | 2024-01-05 | 2024-01-07 | 2024-01-09 | 2024-01-07,5,1,7192
168,C1168,Social Media > Physical Store > Social Media > Website > Social Media Ads,2023-08-12 | 2023-08-15 | 2023-08-14 | 2023-08-21 | 2023-08-24,5,1,6600
169,C1169,Social Media > Social Media > Physical Store > Social Media Ads,2023-07-25 | 2023-07-28 | 2023-07-29 | 2023-08-03,4,0,0
170,C1170,Website > Email > Physical Store,2024-11-03 | 2024-11-06 | 2024-11-09,3,1,1728
171,C1171,Social Media Ads > Physical Store,2023-12-27 | 2023-12-28,2,1,7918
172,C1172,Email > Social Media Ads > Affiliates,2024-08-29 | 2024-08-30 | 2024-09-02,3,1,1486
173,C1173,Email > Affiliates > Social Media Ads,2023-10-01 | 2023-10-04 | 2023-10-03,3,1,7909
174,C1174,Social Media > Social Media > Physical Store,2023-03-08 | 2023-03-09 | 2023-03-12,3,1,2102
175,C1175,Website > Email,2023-05-07 | 2023-05-08,2,1,4471
176,C1176,Physical Store > Social Media,2024-06-30 | 2024-07-02,2,1,4244
177,C1177,Social Media Ads > Social Media Ads,2023-06-30 | 2023-07-01,2,0,0
178,C1178,Social Media > Social Media > Email > Social Media,2024-08-22 | 2024-08-24 | 2024-08-24 | 2024-08-25,4,0,0
179,C1179,Email > Social Media Ads > Physical Store > Social Media Ads > Social Media Ads,2023-01-16 | 2023-01-18 | 2023-01-18 | 2023-01-22 | 2023-01-20,5,1,6843
180,C1180,Physical Store > Physical Store,2023-08-17 | 2023-08-20,2,1,3845
181,C1181,Social Media Ads > Social Media Ads > Affiliates,2024-12-02 | 2024-12-04 | 2024-12-06,3,0,0
182,C1182,Social Media Ads > Physical Store > Website,2023-12-16 | 2023-12-19 | 2023-12-18,3,1,2534
183,C1183,Physical Store > Social Media,2023-08-29 | 2023-08-31,2,1,4837
184,C1184,Affiliates > Affiliates,2024-06-20 | 2024-06-21,2,1,8174
185,C1185,Affiliates > Social Media Ads,2024-10-04 | 2024-10-06,2,0,0
186,C1186,Email > Social Media > Social Media > Website > Physical Store,2023-05-21 | 2023-05-23 | 2023-05-25 | 2023-05-27 | 2023-06-02,5,1,1787
187,C1187,Social Media Ads > Social Media Ads > Social Media > Affiliates > Physical Store,2024-11-24 | 2024-11-25 | 2024-11-30 | 2024-12-03 | 2024-12-06,5,1,5815
188,C1188,Website > Affiliates > Website > Email > Website,2024-08-28 | 2024-08-29 | 2024-09-03 | 2024-08-31 | 2024-09-01,5,1,2406
189,C1189,Email > Email,2024-05-26 | 2024-05-28,2,0,0
190,C1190,Affiliates > Affiliates,2024-04-30 | 2024-05-01,2,0,0
191,C1191,Affiliates > Website > Email,2023-05-15 | 2023-05-17 | 2023-05-19,3,1,3034
192,C1192,Physical Store > Social Media Ads > Website > Social Media Ads,2023-10-20 | 2023-10-22 | 2023-10-24 | 2023-10-29,4,0,0
193,C1193,Website > Website > Website > Physical Store > Social Media,2024-06-16 | 2024-06-19 | 2024-06-18 | 2024-06-19 | 2024-06-28,5,1,3916
194,C1194,Social Media Ads > Website,2024-01-02 | 2024-01-05,2,1,3115
195,C1195,Social Media Ads > Affiliates,2024-04-19 | 2024-04-20,2,0,0
196,C1196,Social Media Ads > Social Media Ads > Affiliates,2023-01-18 | 2023-01-21 | 2023-01-22,3,1,6101
197,C1197,Social Media > Email > Email,2023-03-30 | 2023-03-31 | 2023-04-01,3,1,6643
198,C1198,Affiliates > Email > Social Media > Website > Physical Store,2024-06-13 | 2024-06-15 | 2024-06-15 | 2024-06-16 | 2024-06-25,5,0,0
199,C1199,Affiliates > Social Media > Email > Email,2023-01-26 | 2023-01-29 | 2023-01-30 | 2023-01-29,4,1,3997
200,C1200,Physical Store > Affiliates > Affiliates,2023-08-24 | 2023-08-27 | 2023-08-28,3,1,2038
201,C1201,Website > Physical Store > Email > Website,2024-10-09 | 2024-10-11 | 2024-10-11 | 2024-10-12,4,1,5414
202,C1202,Physical Store > Social Media Ads > Social Media,2023-10-02 | 2023-10-05 | 2023-10-04,3,0,0
203,C1203,Social Media Ads > Physical Store > Affiliates,2023-08-12 | 2023-08-13 | 2023-08-16,3,0,0
204,C1204,Social Media > Website > Email > Affiliates,2023-06-18 | 2023-06-19 | 2023-06-24 | 2023-06-27,4,0,0
205,C1205,Social Media Ads > Affiliates > Social Media Ads,2024-06-16 | 2024-06-17 | 2024-06-20,3,0,0
206,C1206,Email > Social Media Ads > Email > Social Media Ads,2024-10-21 | 2024-10-24 | 2024-10-23 | 2024-10-27,4,0,0
207,C1207,Social Media > Website > Physical Store,2023-01-21 | 2023-01-24 | 2023-01-23,3,0,0
208,C1208,Physical Store > Affiliates > Social Media Ads > Affiliates > Affiliates,2024-11-22 | 2024-11-25 | 2024-11-24 | 2024-11-25 | 2024-11-26,5,1,8895
209,C1209,Social Media > Affiliates > Affiliates > Email > Website,2023-12-17 | 2023-12-20 | 2023-12-21 | 2023-12-20 | 2023-12-29,5,1,4014
210,C1210,Social Media > Social Media > Physical Store,2023-08-23 | 2023-08-25 | 2023-08-27,3,1,9284
211,C1211,Website > Social Media Ads > Affiliates,2024-06-19 | 2024-06-22 | 2024-06-21,3,0,0
212,C1212,Affiliates > Physical Store > Website > Social Media Ads,2023-03-17 | 2023-03-18 | 2023-03-21 | 2023-03-20,4,1,6413
213,C1213,Website > Physical Store > Social Media,2023-02-04 | 2023-02-06 | 2023-02-06,3,0,0
214,C1214,Email > Email > Website > Social Media > Email,2024-09-27 | 2024-09-29 | 2024-10-03 | 2024-10-06 | 2024-10-09,5,0,0
215,C1215,Email > Website > Social Media Ads,2023-04-30 | 2023-05-03 | 2023-05-04,3,1,1385
216,C1216,Physical Store > Website > Physical Store > Social Media Ads > Physical Store,2023-06-29 | 2023-07-02 | 2023-07-01 | 2023-07-08 | 2023-07-03,5,0,0
217,C1217,Physical Store > Email > Affiliates,2024-12-28 | 2024-12-29 | 2025-01-03,3,1,4759
218,C1218,Physical Store > Affiliates,2023-07-27 | 2023-07-29,2,0,0
219,C1219,Affiliates > Website,2024-10-22 | 2024-10-24,2,0,0
220,C1220,Email > Social Media Ads > Website > Social Media Ads > Website,2024-01-23 | 2024-01-26 | 2024-01-25 | 2024-01-26 | 2024-01-27,5,1,5943
221,C1221,Email > Social Media,2024-12-23 | 2024-12-25,2,1,7919
222,C1222,Affiliates > Physical Store > Social Media > Affiliates > Social Media Ads,2024-01-24 | 2024-01-25 | 2024-01-30 | 2024-02-02 | 2024-01-28,5,0,0
223,C1223,Social Media Ads > Physical Store > Affiliates > Affiliates,2024-06-30 | 2024-07-01 | 2024-07-02 | 2024-07-09,4,1,6299
224,C1224,Website > Social Media Ads,2024-09-14 | 2024-09-15,2,1,3495
225,C1225,Website > Website > Social Media > Physical Store,2023-02-16 | 2023-02-17 | 2023-02-22 | 2023-02-22,4,1,5452
226,C1226,Social Media > Social Media > Social Media > Physical Store,2023-10-21 | 2023-10-22 | 2023-10-23 | 2023-10-27,4,1,9390
227,C1227,Email > Affiliates,2024-12-18 | 2024-12-19,2,0,0
228,C1228,Social Media Ads > Social Media > Social Media,2024-01-19 | 2024-01-20 | 2024-01-23,3,0,0
229,C1229,Email > Physical Store > Social Media > Physical Store > Affiliates,2024-10-18 | 2024-10-20 | 2024-10-22 | 2024-10-21 | 2024-10-22,5,0,0
230,C1230,Social Media Ads > Email > Website,2023-03-12 | 2023-03-15 | 2023-03-14,3,1,7568
231,C1231,Social Media > Affiliates > Physical Store > Social Media,2024-11-21 | 2024-11-24 | 2024-11-25 | 2024-11-30,4,1,5838
232,C1232,Social Media > Physical Store,2024-08-20 | 2024-08-22,2,1,6639
233,C1233,Website > Physical Store > Social Media Ads > Affiliates,2024-06-22 | 2024-06-23 | 2024-06-28 | 2024-06-25,4,0,0
234,C1234,Physical Store > Social Media > Email,2023-01-02 | 2023-01-04 | 2023-01-08,3,1,5218
235,C1235,Social Media Ads > Social Media > Website,2024-08-12 | 2024-08-15 | 2024-08-14,3,1,7762
236,C1236,Physical Store > Physical Store > Social Media > Social Media Ads > Affiliates,2023-08-13 | 2023-08-15 | 2023-08-15 | 2023-08-19 | 2023-08-25,5,1,9763
237,C1237,Affiliates > Social Media Ads > Website > Email,2023-05-28 | 2023-05-31 | 2023-06-01 | 2023-05-31,4,0,0
238,C1238,Affiliates > Physical Store > Website,2023-09-30 | 2023-10-02 | 2023-10-04,3,1,9096
239,C1239,Physical Store > Physical Store > Website > Email > Website,2024-03-22 | 2024-03-25 | 2024-03-24 | 2024-03-28 | 2024-04-03,5,0,0
240,C1240,Website > Social Media Ads > Social Media > Social Media Ads,2024-08-04 | 2024-08-06 | 2024-08-06 | 2024-08-10,4,1,2048
241,C1241,Social Media > Social Media Ads > Social Media Ads > Affiliates,2023-09-01 | 2023-09-03 | 2023-09-03 | 2023-09-07,4,0,0
242,C1242,Physical Store > Affiliates,2023-11-11 | 2023-11-14,2,1,2382
243,C1243,Physical Store > Affiliates > Social Media > Affiliates,2024-06-19 | 2024-06-22 | 2024-06-25 | 2024-06-22,4,1,6093
244,C1244,Email > Physical Store,2023-08-17 | 2023-08-19,2,1,4992
245,C1245,Affiliates > Social Media Ads > Social Media Ads > Email,2024-10-23 | 2024-10-26 | 2024-10-25 | 2024-10-26,4,0,0
246,C1246,Social Media Ads > Email,2024-03-15 | 2024-03-16,2,1,1466
247,C1247,Email > Physical Store,2023-10-22 | 2023-10-23,2,1,7792
248,C1248,Affiliates > Physical Store > Physical Store > Website,2024-09-19 | 2024-09-22 | 2024-09-23 | 2024-09-28,4,1,8744
249,C1249,Social Media Ads > Website > Affiliates > Physical Store > Social Media Ads,2024-12-23 | 2024-12-25 | 2024-12-25 | 2024-12-26 | 2025-01-04,5,1,1890
250,C1250,Email > Social Media Ads > Physical Store > Social Media Ads,2023-01-26 | 2023-01-27 | 2023-01-28 | 2023-01-29,4,1,3662
251,C1251,Website > Social Media Ads > Email > Email,2024-02-25 | 2024-02-28 | 2024-03-02 | 2024-02-28,4,0,0
252,C1252,Social Media Ads > Email,2023-03-14 | 2023-03-17,2,0,0
253,C1253,Social Media Ads > Social Media,2024-12-12 | 2024-12-14,2,1,5818
254,C1254,Social Media > Social Media > Email > Website,2023-07-27 | 2023-07-29 | 2023-08-02 | 2023-08-02,4,1,2428
255,C1255,Social Media Ads > Affiliates > Affiliates > Affiliates,2023-02-22 | 2023-02-23 | 2023-02-28 | 2023-03-03,4,0,0
256,C1256,Email > Affiliates > Physical Store,2024-02-26 | 2024-02-28 | 2024-02-28,3,0,0
257,C1257,Physical Store > Social Media,2023-12-09 | 2023-12-10,2,0,0
258,C1258,Email > Website,2024-12-09 | 2024-12-11,2,0,0
259,C1259,Social Media Ads > Email > Affiliates > Affiliates,2023-06-22 | 2023-06-25 | 2023-06-26 | 2023-07-01,4,0,0
260,C1260,Physical Store > Physical Store > Social Media > Website,2024-05-14 | 2024-05-15 | 2024-05-18 | 2024-05-23,4,0,0
261,C1261,Social Media Ads > Email > Social Media > Social Media > Affiliates,2023-11-01 | 2023-11-04 | 2023-11-03 | 2023-11-04 | 2023-11-05,5,1,9604
262,C1262,Social Media > Physical Store > Email,2024-06-18 | 2024-06-19 | 2024-06-20,3,1,4071
263,C1263,Social Media Ads > Social Media Ads > Physical Store > Social Media,2023-07-25 | 2023-07-26 | 2023-07-29 | 2023-08-03,4,0,0
264,C1264,Website > Website > Website > Website,2024-01-15 | 2024-01-18 | 2024-01-17 | 2024-01-21,4,0,0
265,C1265,Physical Store > Email,2024-10-26 | 2024-10-29,2,0,0
266,C1266,Email > Affiliates > Website > Physical Store,2023-12-04 | 2023-12-05 | 2023-12-06 | 2023-12-10,4,0,0
267,C1267,Affiliates > Social Media > Social Media > Social Media > Social Media,2024-05-15 | 2024-05-17 | 2024-05-19 | 2024-05-18 | 2024-05-27,5,1,6183
268,C1268,Website > Social Media > Social Media Ads > Social Media Ads > Social Media Ads,2024-05-16 | 2024-05-19 | 2024-05-22 | 2024-05-19 | 2024-05-20,5,0,0
269,C1269,Affiliates > Affiliates > Social Media Ads,2023-09-23 | 2023-09-25 | 2023-09-29,3,1,6182
270,C1270,Email > Social Media Ads > Social Media Ads,2024-12-01 | 2024-12-04 | 2024-12-03,3,1,2650
271,C1271,Social Media Ads > Email > Email,2024-10-26 | 2024-10-27 | 2024-11-01,3,1,4965
272,C1272,Affiliates > Website > Physical Store > Email > Affiliates,2023-07-21 | 2023-07-23 | 2023-07-25 | 2023-07-24 | 2023-07-29,5,0,0
273,C1273,Social Media > Social Media > Affiliates > Social Media,2023-01-11 | 2023-01-13 | 2023-01-17 | 2023-01-20,4,0,0
274,C1274,Physical Store > Affiliates > Social Media > Website > Affiliates,2023-08-10 | 2023-08-12 | 2023-08-16 | 2023-08-19 | 2023-08-18,5,0,0
275,C1275,Physical Store > Email > Email > Social Media Ads,2023-08-12 | 2023-08-15 | 2023-08-14 | 2023-08-21,4,1,6370
276,C1276,Social Media > Email > Social Media Ads,2024-04-18 | 2024-04-21 | 2024-04-20,3,1,1757
277,C1277,Affiliates > Website > Physical Store,2024-06-03 | 2024-06-04 | 2024-06-09,3,0,0
278,C1278,Physical Store > Physical Store,2023-01-13 | 2023-01-16,2,0,0
279,C1279,Email > Email > Website > Email,2024-07-19 | 2024-07-21 | 2024-07-23 | 2024-07-25,4,1,8590
280,C1280,Social Media Ads > Website,2024-12-10 | 2024-12-11,2,1,8884
281,C1281,Website > Social Media,2023-01-10 | 2023-01-13,2,1,2736
282,C1282,Email > Physical Store > Social Media Ads,2024-05-09 | 2024-05-11 | 2024-05-13,3,0,0
283,C1283,Website > Social Media > Social Media Ads > Affiliates > Website,2023-09-25 | 2023-09-27 | 2023-10-01 | 2023-09-28 | 2023-09-29,5,1,6054
284,C1284,Email > Website > Social Media Ads,2023-07-29 | 2023-07-31 | 2023-07-31,3,1,5109
285,C1285,Affiliates > Affiliates,2024-05-12 | 2024-05-13,2,0,0
286,C1286,Email > Social Media > Physical Store > Website,2024-09-09 | 2024-09-12 | 2024-09-15 | 2024-09-12,4,1,1671
287,C1287,Social Media > Social Media > Physical Store > Website,2023-11-02 | 2023-11-04 | 2023-11-04 | 2023-11-11,4,0,0
288,C1288,Social Media Ads > Physical Store > Physical Store > Physical Store > Affiliates,2024-01-12 | 2024-01-14 | 2024-01-14 | 2024-01-15 | 2024-01-24,5,1,2499
289,C1289,Social Media Ads > Affiliates,2024-11-30 | 2024-12-03,2,1,2951
290,C1290,Physical Store > Website > Website > Website > Social Media,2024-05-05 | 2024-05-08 | 2024-05-09 | 2024-05-14 | 2024-05-09,5,1,3299
291,C1291,Social Media Ads > Website > Social Media Ads > Social Media Ads > Physical Store,2024-08-18 | 2024-08-21 | 2024-08-24 | 2024-08-21 | 2024-08-30,5,1,2289
292,C1292,Social Media Ads > Physical Store > Social Media > Social Media Ads > Social Media Ads,2024-07-29 | 2024-07-31 | 2024-08-04 | 2024-08-07 | 2024-08-06,5,1,7248
293,C1293,Social Media > Affiliates,2023-09-08 | 2023-09-10,2,1,8267
294,C1294,Website > Affiliates,2024-04-06 | 2024-04-08,2,1,7296
295,C1295,Email > Email > Social Media > Website > Physical Store,2024-11-15 | 2024-11-17 | 2024-11-21 | 2024-11-24 | 2024-11-27,5,0,0
296,C1296,Social Media Ads > Social Media Ads > Social Media > Physical Store > Social Media Ads,2024-01-30 | 2024-02-01 | 2024-02-03 | 2024-02-08 | 2024-02-11,5,0,0
297,C1297,Email > Physical Store > Affiliates > Website,2023-12-14 | 2023-12-15 | 2023-12-16 | 2023-12-23,4,1,4448
298,C1298,Physical Store > Website > Physical Store > Social Media Ads > Email,2024-05-31 | 2024-06-02 | 2024-06-02 | 2024-06-03 | 2024-06-12,5,1,2105
299,C1299,Physical Store > Affiliates,2023-04-15 | 2023-04-16,2,1,6535
300,C1300,Social Media Ads > Physical Store,2024-12-09 | 2024-12-11,2,1,6473
301,C1301,Social Media > Email > Physical Store > Affiliates,2023-05-30 | 2023-05-31 | 2023-06-01 | 2023-06-08,4,0,0
302,C1302,Affiliates > Social Media Ads > Website > Email,2024-07-01 | 2024-07-04 | 2024-07-07 | 2024-07-04,4,1,9994
303,C1303,Website > Social Media > Email > Social Media Ads > Website,2023-04-02 | 2023-04-03 | 2023-04-08 | 2023-04-11 | 2023-04-06,5,0,0
304,C1304,Social Media > Physical Store > Social Media > Affiliates > Email,2023-04-08 | 2023-04-09 | 2023-04-12 | 2023-04-14 | 2023-04-12,5,1,6362
305,C1305,Social Media > Physical Store > Physical Store,2024-12-02 | 2024-12-04 | 2024-12-04,3,0,0
306,C1306,Website > Website > Email,2023-02-12 | 2023-02-15 | 2023-02-18,3,1,2676
307,C1307,Affiliates > Social Media Ads > Website,2024-07-10 | 2024-07-13 | 2024-07-16,3,0,0
308,C1308,Social Media Ads > Social Media > Physical Store > Physical Store > Physical Store,2024-07-31 | 2024-08-02 | 2024-08-02 | 2024-08-03 | 2024-08-08,5,1,6747
309,C1309,Social Media Ads > Website > Social Media > Affiliates > Website,2023-09-27 | 2023-09-29 | 2023-09-29 | 2023-10-03 | 2023-10-01,5,1,6891
310,C1310,Website > Email,2023-08-11 | 2023-08-14,2,1,3885
311,C1311,Website > Social Media Ads,2024-02-15 | 2024-02-17,2,1,8499
312,C1312,Website > Social Media Ads > Social Media > Affiliates,2023-05-31 | 2023-06-01 | 2023-06-06 | 2023-06-06,4,0,0
313,C1313,Social Media > Affiliates > Social Media > Social Media Ads,2024-04-20 | 2024-04-21 | 2024-04-24 | 2024-04-26,4,0,0
314,C1314,Social Media Ads > Social Media > Physical Store > Affiliates,2024-03-24 | 2024-03-27 | 2024-03-30 | 2024-03-30,4,0,0
315,C1315,Email > Physical Store > Social Media Ads > Social Media Ads > Social Media,2023-08-27 | 2023-08-30 | 2023-09-02 | 2023-09-02 | 2023-09-04,5,1,3901
316,C1316,Email > Website > Website > Physical Store > Social Media Ads,2023-01-28 | 2023-01-29 | 2023-02-03 | 2023-02-06 | 2023-02-05,5,0,0
317,C1317,Website > Website > Physical Store,2024-06-28 | 2024-06-30 | 2024-06-30,3,0,0
318,C1318,Affiliates > Physical Store,2023-03-09 | 2023-03-10,2,0,0
319,C1319,Email > Physical Store > Email,2024-12-02 | 2024-12-03 | 2024-12-06,3,0,0
320,C1320,Affiliates > Website,2024-02-12 | 2024-02-13,2,0,0
321,C1321,Social Media > Social Media Ads > Physical Store > Website > Physical Store,2023-06-27 | 2023-06-29 | 2023-06-29 | 2023-07-03 | 2023-07-01,5,1,4800
322,C1322,Affiliates > Physical Store > Social Media > Social Media,2023-10-24 | 2023-10-27 | 2023-10-26 | 2023-10-30,4,0,0
323,C1323,Social Media Ads > Physical Store,2023-08-12 | 2023-08-14,2,1,4660
324,C1324,Social Media Ads > Physical Store > Physical Store > Email,2023-01-27 | 2023-01-28 | 2023-01-29 | 2023-02-05,4,1,7597
325,C1325,Social Media Ads > Email > Website > Email,2024-08-01 | 2024-08-04 | 2024-08-07 | 2024-08-04,4,1,7225
326,C1326,Social Media Ads > Website > Social Media,2023-10-12 | 2023-10-13 | 2023-10-14,3,0,0
327,C1327,Physical Store > Social Media Ads > Social Media Ads,2023-11-21 | 2023-11-22 | 2023-11-23,3,0,0
328,C1328,Affiliates > Physical Store > Affiliates > Affiliates,2023-04-14 | 2023-04-17 | 2023-04-16 | 2023-04-23,4,0,0
329,C1329,Physical Store > Physical Store > Website > Website > Physical Store,2024-03-30 | 2024-04-02 | 2024-04-01 | 2024-04-05 | 2024-04-03,5,1,3948
330,C1330,Social Media > Social Media Ads > Affiliates,2023-08-13 | 2023-08-15 | 2023-08-15,3,0,0
331,C1331,Social Media Ads > Website > Physical Store,2023-07-01 | 2023-07-02 | 2023-07-05,3,0,0
332,C1332,Affiliates > Email > Social Media Ads > Website > Website,2023-12-02 | 2023-12-04 | 2023-12-08 | 2023-12-11 | 2023-12-06,5,0,0
333,C1333,Physical Store > Physical Store > Social Media Ads,2023-06-11 | 2023-06-13 | 2023-06-15,3,1,8356
334,C1334,Social Media Ads > Affiliates > Physical Store > Email > Affiliates,2023-02-05 | 2023-02-08 | 2023-02-09 | 2023-02-08 | 2023-02-13,5,1,8004
335,C1335,Website > Website,2023-04-13 | 2023-04-14,2,0,0
336,C1336,Website > Physical Store > Email > Affiliates,2023-11-26 | 2023-11-28 | 2023-12-02 | 2023-12-05,4,1,9956
337,C1337,Affiliates > Email,2024-06-05 | 2024-06-06,2,1,9060
338,C1338,Website > Email > Affiliates > Physical Store > Social Media Ads,2024-03-12 | 2024-03-14 | 2024-03-14 | 2024-03-15 | 2024-03-24,5,0,0
339,C1339,Social Media > Social Media Ads,2023-11-26 | 2023-11-27,2,0,0
340,C1340,Website > Physical Store,2023-10-05 | 2023-10-06,2,0,0
341,C1341,Affiliates > Website > Email > Affiliates > Email,2024-07-22 | 2024-07-25 | 2024-07-24 | 2024-07-25 | 2024-07-26,5,1,4299
342,C1342,Email > Social Media,2023-07-28 | 2023-07-30,2,1,4900
343,C1343,Social Media > Social Media > Social Media > Email,2024-02-25 | 2024-02-28 | 2024-03-02 | 2024-03-02,4,1,9885
344,C1344,Social Media > Website > Affiliates > Email,2024-07-09 | 2024-07-11 | 2024-07-15 | 2024-07-15,4,1,6240
345,C1345,Physical Store > Affiliates > Affiliates,2024-10-09 | 2024-10-12 | 2024-10-11,3,1,7508
346,C1346,Affiliates > Social Media,2024-12-11 | 2024-12-14,2,1,4891
347,C1347,Physical Store > Social Media > Email > Website > Social Media Ads,2023-11-28 | 2023-12-01 | 2023-12-02 | 2023-12-07 | 2023-12-10,5,1,9830
348,C1348,Affiliates > Website > Email,2023-08-31 | 2023-09-03 | 2023-09-02,3,1,5414
349,C1349,Social Media > Social Media Ads > Website > Affiliates,2023-08-02 | 2023-08-04 | 2023-08-04 | 2023-08-11,4,1,8005
350,C1350,Website > Physical Store,2024-10-07 | 2024-10-09,2,1,8474
351,C1351,Social Media > Affiliates,2023-12-11 | 2023-12-14,2,0,0
352,C1352,Affiliates > Website > Website > Website,2024-09-15 | 2024-09-18 | 2024-09-19 | 2024-09-24,4,0,0
353,C1353,Social Media Ads > Social Media,2024-03-23 | 2024-03-26,2,1,7566
354,C1354,Email > Website > Affiliates,2023-11-22 | 2023-11-24 | 2023-11-24,3,1,1372
355,C1355,Social Media Ads > Email > Social Media > Social Media Ads,2023-05-24 | 2023-05-27 | 2023-05-30 | 2023-05-30,4,1,7461
356,C1356,Affiliates > Physical Store > Website,2023-08-05 | 2023-08-07 | 2023-08-11,3,1,9846
357,C1357,Website > Social Media,2023-09-01 | 2023-09-02,2,0,0
358,C1358,Affiliates > Social Media Ads > Website,2024-05-04 | 2024-05-05 | 2024-05-10,3,0,0
359,C1359,Affiliates > Affiliates > Email > Social Media Ads > Affiliates,2023-02-26 | 2023-02-28 | 2023-03-02 | 2023-03-07 | 2023-03-06,5,0,0
360,C1360,Social Media Ads > Website > Website,2023-10-06 | 2023-10-08 | 2023-10-12,3,0,0
361,C1361,Physical Store > Affiliates,2023-02-12 | 2023-02-13,2,0,0
362,C1362,Website > Affiliates > Website > Affiliates,2024-09-12 | 2024-09-14 | 2024-09-18 | 2024-09-15,4,0,0
363,C1363,Affiliates > Physical Store > Physical Store > Physical Store > Website,2024-02-21 | 2024-02-22 | 2024-02-23 | 2024-02-24 | 2024-02-25,5,0,0
364,C1364,Social Media > Social Media Ads > Affiliates > Social Media Ads > Website,2024-03-10 | 2024-03-12 | 2024-03-14 | 2024-03-13 | 2024-03-18,5,0,0
365,C1365,Website > Social Media > Affiliates > Affiliates,2023-06-22 | 2023-06-24 | 2023-06-28 | 2023-06-25,4,0,0
366,C1366,Affiliates > Physical Store,2023-11-05 | 2023-11-07,2,1,6242
367,C1367,Physical Store > Physical Store,2024-02-04 | 2024-02-07,2,1,2119
368,C1368,Email > Email > Affiliates > Website > Website,2023-10-26 | 2023-10-27 | 2023-10-28 | 2023-11-04 | 2023-11-07,5,0,0
369,C1369,Website > Social Media Ads > Website > Physical Store > Social Media Ads,2023-02-20 | 2023-02-22 | 2023-02-26 | 2023-02-23 | 2023-02-24,5,0,0
370,C1370,Email > Affiliates,2023-09-07 | 2023-09-10,2,1,6727
371,C1371,Email > Email > Website > Social Media Ads,2023-03-13 | 2023-03-16 | 2023-03-15 | 2023-03-16,4,0,0
372,C1372,Social Media Ads > Social Media > Social Media > Physical Store,2024-03-26 | 2024-03-27 | 2024-03-28 | 2024-03-29,4,1,7493
373,C1373,Website > Website > Website,2023-04-14 | 2023-04-15 | 2023-04-20,3,0,0
374,C1374,Affiliates > Email,2024-03-11 | 2024-03-14,2,1,5215
375,C1375,Social Media > Social Media Ads > Website > Social Media Ads > Affiliates,2024-03-07 | 2024-03-09 | 2024-03-11 | 2024-03-16 | 2024-03-19,5,0,0
376,C1376,Social Media Ads > Physical Store,2024-01-21 | 2024-01-23,2,0,0
377,C1377,Social Media Ads > Social Media,2024-02-09 | 2024-02-11,2,1,8052
378,C1378,Social Media > Affiliates > Affiliates,2024-06-24 | 2024-06-27 | 2024-06-30,3,1,9115
379,C1379,Social Media Ads > Physical Store > Physical Store,2024-11-18 | 2024-11-20 | 2024-11-24,3,0,0
380,C1380,Social Media Ads > Affiliates > Affiliates > Social Media Ads > Social Media Ads,2023-02-25 | 2023-02-26 | 2023-02-27 | 2023-03-03 | 2023-03-05,5,0,0
381,C1381,Affiliates > Social Media > Social Media > Website,2024-06-15 | 2024-06-18 | 2024-06-19 | 2024-06-18,4,1,3418
382,C1382,Social Media > Website > Social Media,2024-02-09 | 2024-02-10 | 2024-02-15,3,0,0
383,C1383,Social Media Ads > Social Media > Social Media Ads > Social Media > Social Media,2024-06-18 | 2024-06-21 | 2024-06-20 | 2024-06-24 | 2024-06-22,5,1,7417
384,C1384,Affiliates > Physical Store > Website,2024-01-03 | 2024-01-05 | 2024-01-09,3,1,5851
385,C1385,Social Media Ads > Physical Store > Website > Social Media Ads > Physical Store,2024-11-21 | 2024-11-23 | 2024-11-23 | 2024-11-30 | 2024-12-03,5,1,7981
386,C1386,Physical Store > Physical Store > Email > Social Media,2023-02-02 | 2023-02-04 | 2023-02-08 | 2023-02-08,4,1,6531
387,C1387,Website > Physical Store,2023-01-05 | 2023-01-07,2,1,2545
388,C1388,Social Media > Website,2023-05-25 | 2023-05-28,2,0,0
389,C1389,Social Media > Affiliates,2023-09-29 | 2023-10-02,2,0,0
390,C1390,Social Media Ads > Email > Email > Affiliates,2024-08-18 | 2024-08-21 | 2024-08-20 | 2024-08-27,4,1,7246
391,C1391,Social Media > Email > Website,2023-03-04 | 2023-03-07 | 2023-03-08,3,1,7538
392,C1392,Affiliates > Social Media Ads > Affiliates > Website,2023-04-17 | 2023-04-18 | 2023-04-23 | 2023-04-23,4,0,0
393,C1393,Social Media Ads > Physical Store,2024-06-19 | 2024-06-22,2,1,2994
394,C1394,Social Media Ads > Social Media,2024-09-13 | 2024-09-15,2,1,3274
395,C1395,Email > Social Media > Affiliates,2023-08-11 | 2023-08-13 | 2023-08-15,3,1,2284
396,C1396,Social Media > Social Media > Email > Website,2023-06-02 | 2023-06-03 | 2023-06-04 | 2023-06-08,4,1,8664
397,C1397,Social Media > Email > Social Media Ads,2024-09-12 | 2024-09-15 | 2024-09-16,3,1,5684
398,C1398,Physical Store > Email,2024-09-30 | 2024-10-03,2,0,0
399,C1399,Affiliates > Social Media Ads > Website,2023-12-19 | 2023-12-20 | 2023-12-25,3,1,9702
400,C1400,Email > Affiliates,2024-10-11 | 2024-10-12,2,0,0
401,C1401,Physical Store > Affiliates > Email > Email,2023-01-10 | 2023-01-11 | 2023-01-12 | 2023-01-19,4,1,4027
402,C1402,Email > Email > Social Media Ads > Affiliates,2023-12-14 | 2023-12-15 | 2023-12-16 | 2023-12-17,4,0,0
403,C1403,Affiliates > Affiliates > Affiliates > Affiliates,2024-05-30 | 2024-06-02 | 2024-06-01 | 2024-06-05,4,1,8687
404,C1404,Social Media > Social Media Ads > Affiliates,2024-08-12 | 2024-08-15 | 2024-08-18,3,1,5411
405,C1405,Social Media > Social Media > Email > Physical Store,2023-01-14 | 2023-01-17 | 2023-01-18 | 2023-01-17,4,1,5245
406,C1406,Website > Affiliates,2024-07-15 | 2024-07-16,2,0,0
407,C1407,Social Media > Social Media Ads > Social Media Ads,2023-04-21 | 2023-04-22 | 2023-04-23,3,1,5016
408,C1408,Website > Website,2023-10-21 | 2023-10-23,2,0,0
409,C1409,Website > Website,2023-06-01 | 2023-06-04,2,0,0
410,C1410,Physical Store > Website > Email,2023-09-15 | 2023-09-16 | 2023-09-21,3,0,0
411,C1411,Email > Social Media Ads > Social Media Ads > Social Media > Website,2024-12-16 | 2024-12-17 | 2024-12-22 | 2024-12-19 | 2024-12-24,5,0,0
412,C1412,Social Media > Physical Store > Social Media Ads > Website > Social Media Ads,2023-02-14 | 2023-02-17 | 2023-02-20 | 2023-02-17 | 2023-02-22,5,1,5527
413,C1413,Website > Social Media Ads > Website > Affiliates > Affiliates,2023-06-15 | 2023-06-18 | 2023-06-19 | 2023-06-18 | 2023-06-23,5,0,0
414,C1414,Website > Social Media > Affiliates > Email > Social Media Ads,2023-12-03 | 2023-12-06 | 2023-12-07 | 2023-12-06 | 2023-12-15,5,0,0
415,C1415,Social Media > Social Media > Social Media Ads,2024-08-07 | 2024-08-08 | 2024-08-09,3,1,3136
416,C1416,Social Media > Social Media Ads > Social Media Ads,2023-04-06 | 2023-04-09 | 2023-04-10,3,1,8328
417,C1417,Affiliates > Physical Store > Email,2024-11-11 | 2024-11-13 | 2024-11-13,3,1,1666
418,C1418,Social Media > Social Media Ads > Social Media,2024-06-26 | 2024-06-27 | 2024-06-30,3,1,7838
419,C1419,Physical Store > Social Media Ads > Website > Website,2024-04-15 | 2024-04-17 | 2024-04-21 | 2024-04-24,4,0,0
420,C1420,Physical Store > Social Media Ads > Website > Physical Store > Affiliates,2024-02-29 | 2024-03-03 | 2024-03-04 | 2024-03-03 | 2024-03-04,5,0,0
421,C1421,Social Media Ads > Social Media > Physical Store > Website,2023-08-10 | 2023-08-13 | 2023-08-12 | 2023-08-13,4,1,7926
422,C1422,Social Media Ads > Email > Website > Social Media Ads > Affiliates,2024-07-08 | 2024-07-11 | 2024-07-14 | 2024-07-11 | 2024-07-20,5,1,9884
423,C1423,Physical Store > Physical Store,2024-06-28 | 2024-07-01,2,0,0
424,C1424,Website > Physical Store,2023-09-30 | 2023-10-02,2,0,0
425,C1425,Social Media Ads > Affiliates,2024-03-26 | 2024-03-27,2,1,6411
426,C1426,Social Media > Social Media Ads > Affiliates,2023-01-06 | 2023-01-09 | 2023-01-10,3,1,2326
427,C1427,Website > Physical Store > Social Media Ads > Email > Email,2024-06-07 | 2024-06-08 | 2024-06-13 | 2024-06-16 | 2024-06-19,5,0,0
428,C1428,Affiliates > Email > Email > Email > Email,2023-12-08 | 2023-12-09 | 2023-12-14 | 2023-12-14 | 2023-12-16,5,1,8924
429,C1429,Physical Store > Affiliates > Physical Store,2023-07-13 | 2023-07-15 | 2023-07-17,3,1,9361
430,C1430,Social Media Ads > Email > Website,2024-10-01 | 2024-10-03 | 2024-10-07,3,0,0
431,C1431,Email > Social Media Ads,2023-12-28 | 2023-12-31,2,0,0
432,C1432,Affiliates > Social Media > Social Media,2024-12-18 | 2024-12-21 | 2024-12-24,3,0,0
433,C1433,Physical Store > Website > Affiliates > Physical Store,2024-04-26 | 2024-04-28 | 2024-05-02 | 2024-05-05,4,1,1301
434,C1434,Social Media > Website > Social Media Ads > Website,2023-09-20 | 2023-09-22 | 2023-09-22 | 2023-09-23,4,1,9915
435,C1435,Website > Social Media Ads,2024-12-21 | 2024-12-23,2,1,5652
436,C1436,Email > Website,2024-07-31 | 2024-08-03,2,1,5921
437,C1437,Physical Store > Affiliates > Website,2023-07-26 | 2023-07-28 | 2023-08-01,3,1,4046
438,C1438,Physical Store > Website > Social Media > Social Media,2024-03-26 | 2024-03-29 | 2024-03-30 | 2024-03-29,4,1,6572
439,C1439,Physical Store > Affiliates,2024-06-14 | 2024-06-15,2,1,4375
440,C1440,Email > Email > Social Media Ads,2023-06-07 | 2023-06-08 | 2023-06-13,3,0,0
441,C1441,Physical Store > Affiliates > Website > Social Media Ads,2024-07-23 | 2024-07-24 | 2024-07-25 | 2024-07-29,4,0,0
442,C1442,Affiliates > Website,2023-08-14 | 2023-08-17,2,0,0
443,C1443,Social Media Ads > Website,2024-03-03 | 2024-03-05,2,0,0
444,C1444,Email > Physical Store > Email > Social Media > Physical Store,2024-01-06 | 2024-01-08 | 2024-01-10 | 2024-01-09 | 2024-01-18,5,1,6718
445,C1445,Physical Store > Social Media > Physical Store > Website > Email,2024-08-18 | 2024-08-19 | 2024-08-22 | 2024-08-24 | 2024-08-30,5,1,1681
446,C1446,Social Media > Email,2023-09-06 | 2023-09-09,2,0,0
447,C1447,Affiliates > Website > Social Media Ads > Affiliates > Email,2024-06-22 | 2024-06-23 | 2024-06-28 | 2024-07-01 | 2024-07-04,5,1,9752
448,C1448,Physical Store > Affiliates > Physical Store,2024-09-22 | 2024-09-23 | 2024-09-24,3,1,3459
449,C1449,Email > Social Media,2023-07-20 | 2023-07-22,2,1,7929
450,C1450,Social Media Ads > Social Media Ads > Website,2023-02-02 | 2023-02-05 | 2023-02-04,3,1,1184
451,C1451,Email > Physical Store,2023-07-23 | 2023-07-24,2,0,0
452,C1452,Website > Social Media Ads > Affiliates > Affiliates > Social Media,2024-05-14 | 2024-05-15 | 2024-05-18 | 2024-05-23 | 2024-05-18,5,0,0
453,C1453,Physical Store > Affiliates > Social Media Ads > Email > Physical Store,2023-08-24 | 2023-08-26 | 2023-08-30 | 2023-08-27 | 2023-09-01,5,0,0
454,C1454,Social Media Ads > Social Media > Website > Social Media > Website,2024-03-11 | 2024-03-14 | 2024-03-13 | 2024-03-20 | 2024-03-15,5,0,0
455,C1455,Affiliates > Social Media Ads > Website > Email,2024-05-28 | 2024-05-30 | 2024-06-03 | 2024-05-31,4,1,1834
456,C1456,Affiliates > Social Media > Social Media > Website,2023-04-20 | 2023-04-23 | 2023-04-24 | 2023-04-23,4,0,0
457,C1457,Physical Store > Affiliates > Email > Email > Website,2023-03-22 | 2023-03-23 | 2023-03-26 | 2023-03-31 | 2023-03-30,5,1,9636
458,C1458,Social Media Ads > Social Media > Physical Store,2024-10-08 | 2024-10-11 | 2024-10-12,3,1,7205
459,C1459,Social Media Ads > Physical Store,2023-04-05 | 2023-04-08,2,1,9311
460,C1460,Email > Social Media Ads > Social Media > Physical Store > Physical Store,2023-09-15 | 2023-09-18 | 2023-09-21 | 2023-09-24 | 2023-09-19,5,1,9722
461,C1461,Social Media Ads > Affiliates > Email > Email,2023-08-07 | 2023-08-08 | 2023-08-09 | 2023-08-16,4,1,3806
462,C1462,Affiliates > Email,2024-04-26 | 2024-04-28,2,1,7069
463,C1463,Affiliates > Affiliates > Physical Store,2024-07-29 | 2024-07-30 | 2024-08-04,3,1,4379
464,C1464,Website > Email > Social Media Ads,2023-09-27 | 2023-09-29 | 2023-10-01,3,0,0
465,C1465,Affiliates > Social Media Ads > Physical Store > Website,2024-09-26 | 2024-09-28 | 2024-09-28 | 2024-09-29,4,1,4783
466,C1466,Social Media > Website > Affiliates,2023-10-25 | 2023-10-26 | 2023-10-29,3,0,0
467,C1467,Website > Affiliates,2024-12-05 | 2024-12-07,2,0,0
468,C1468,Physical Store > Website,2024-09-21 | 2024-09-23,2,1,4111
469,C1469,Affiliates > Social Media Ads > Social Media Ads > Social Media,2023-10-08 | 2023-10-09 | 2023-10-12 | 2023-10-17,4,1,3010
470,C1470,Social Media > Physical Store > Social Media,2024-12-04 | 2024-12-07 | 2024-12-06,3,1,4178
471,C1471,Social Media Ads > Social Media Ads > Email > Affiliates,2024-09-19 | 2024-09-22 | 2024-09-21 | 2024-09-28,4,0,0
472,C1472,Social Media > Social Media Ads,2023-11-02 | 2023-11-05,2,1,2974
473,C1473,Social Media Ads > Email > Affiliates > Website > Email,2023-09-12 | 2023-09-13 | 2023-09-16 | 2023-09-21 | 2023-09-16,5,0,0
474,C1474,Social Media > Website > Website > Social Media Ads,2024-11-26 | 2024-11-28 | 2024-11-28 | 2024-12-02,4,1,5431
475,C1475,Physical Store > Affiliates > Affiliates > Social Media,2024-02-13 | 2024-02-14 | 2024-02-15 | 2024-02-16,4,1,3269
476,C1476,Affiliates > Social Media > Affiliates > Website,2023-04-06 | 2023-04-07 | 2023-04-08 | 2023-04-15,4,1,5696
477,C1477,Email > Email > Social Media > Social Media,2023-06-23 | 2023-06-26 | 2023-06-25 | 2023-06-29,4,0,0
478,C1478,Social Media > Affiliates,2024-08-16 | 2024-08-18,2,1,1898
479,C1479,Social Media Ads > Physical Store,2023-06-30 | 2023-07-01,2,0,0
480,C1480,Social Media > Physical Store > Affiliates,2023-12-21 | 2023-12-23 | 2023-12-23,3,0,0
481,C1481,Affiliates > Website > Social Media Ads > Affiliates,2023-07-04 | 2023-07-07 | 2023-07-06 | 2023-07-10,4,0,0
482,C1482,Website > Social Media > Physical Store,2024-11-20 | 2024-11-23 | 2024-11-24,3,1,7966
483,C1483,Email > Social Media,2023-01-18 | 2023-01-21,2,1,7096
484,C1484,Physical Store > Email,2024-02-05 | 2024-02-08,2,1,5557
485,C1485,Email > Affiliates > Affiliates > Email > Website,2023-07-20 | 2023-07-22 | 2023-07-24 | 2023-07-26 | 2023-07-28,5,1,6152
486,C1486,Physical Store > Social Media Ads,2024-04-26 | 2024-04-29,2,0,0
487,C1487,Affiliates > Physical Store > Website > Physical Store > Social Media Ads,2023-03-03 | 2023-03-05 | 2023-03-05 | 2023-03-09 | 2023-03-11,5,0,0
488,C1488,Social Media Ads > Affiliates > Email > Email,2024-11-27 | 2024-11-29 | 2024-12-03 | 2024-11-30,4,0,0
489,C1489,Website > Affiliates > Email > Email > Physical Store,2023-01-22 | 2023-01-25 | 2023-01-24 | 2023-01-31 | 2023-02-03,5,1,1606
490,C1490,Social Media > Social Media > Affiliates > Affiliates,2023-03-24 | 2023-03-27 | 2023-03-26 | 2023-03-30,4,1,7751
491,C1491,Website > Website,2023-01-29 | 2023-01-31,2,1,4397
492,C1492,Email > Social Media > Affiliates,2023-05-30 | 2023-05-31 | 2023-06-03,3,1,5480
493,C1493,Affiliates > Affiliates > Social Media,2024-06-10 | 2024-06-13 | 2024-06-16,3,1,4860
494,C1494,Affiliates > Affiliates > Physical Store > Affiliates > Physical Store,2023-08-17 | 2023-08-19 | 2023-08-21 | 2023-08-20 | 2023-08-25,5,1,6955
495,C1495,Social Media Ads > Physical Store > Social Media,2024-08-31 | 2024-09-03 | 2024-09-06,3,1,8474
496,C1496,Email > Affiliates > Email,2024-04-12 | 2024-04-15 | 2024-04-18,3,1,9862
497,C1497,Social Media Ads > Social Media > Social Media,2023-05-25 | 2023-05-27 | 2023-05-31,3,1,4641
498,C1498,Website > Physical Store,2023-02-24 | 2023-02-25,2,1,5485
499,C1499,Email > Affiliates > Physical Store > Social Media,2023-03-01 | 2023-03-02 | 2023-03-07 | 2023-03-04,4,0,0
500,C1500,Website > Website > Affiliates > Physical Store > Social Media,2024-02-11 | 2024-02-12 | 2024-02-15 | 2024-02-17 | 2024-02-15,5,1,4845
