Customer_ID,Goals and Aspirations,Pain Points and Challenges,Interest and Hobbies,Lifestyle and Values,Decision Making triggers
CUST1,Travel the world,Limited access to services,Sports,Community-driven,Discounts and offers
CUST2,Travel the world,Lack of career opportunities,Cooking,Environmentally conscious,Social media influence
CUST3,Start a business,Health issues,Fitness,Career-focused,Brand reputation
CUST4,Better health and fitness,High living costs,Fitness,Community-driven,Social media influence
CUST5,Education advancement,Technology barriers,Sports,Adventurous,Discounts and offers
CUST6,Better health and fitness,Time management,Music,Luxury-seeking,Discounts and offers
CUST7,Travel the world,Health issues,Fitness,Environmentally conscious,Social media influence
CUST8,Education advancement,Limited access to services,Photography,Adventurous,Social media influence
CUST9,Travel the world,High living costs,Fitness,Career-focused,Brand reputation
CUST10,Financial stability,Technology barriers,Sports,Community-driven,Product quality
CUST11,Career growth,High living costs,Photography,Career-focused,Brand reputation
CUST12,Start a business,Limited access to services,Music,Family-oriented,Social media influence
CUST13,Start a business,Technology barriers,Sports,Career-focused,Brand reputation
CUST14,Work-life balance,Lack of career opportunities,Fitness,Career-focused,Social media influence
CUST15,Travel the world,Technology barriers,Sports,Minimalist,Convenience
CUST16,Career growth,Health issues,Sports,Minimalist,Product quality
CUST17,Work-life balance,Health issues,Cooking,Adventurous,Discounts and offers
CUST18,Travel the world,Health issues,Reading,Community-driven,Peer recommendations
CUST19,Career growth,Time management,Sports,Family-oriented,Social media influence
CUST20,Start a business,Time management,Music,Minimalist,Peer recommendations
CUST21,Start a business,Time management,Photography,Career-focused,Discounts and offers
CUST22,Better health and fitness,Lack of career opportunities,Photography,Career-focused,Product quality
CUST23,Better health and fitness,Limited access to services,Reading,Adventurous,Peer recommendations
CUST24,Start a business,Limited access to services,Cooking,Community-driven,Convenience
CUST25,Education advancement,Health issues,Music,Career-focused,Social media influence
CUST26,Better health and fitness,High living costs,Traveling,Family-oriented,Social media influence
CUST27,Start a business,Time management,Fitness,Community-driven,Brand reputation
CUST28,Education advancement,Time management,Sports,Minimalist,Peer recommendations
CUST29,Financial stability,Limited access to services,Photography,Luxury-seeking,Peer recommendations
CUST30,Financial stability,Technology barriers,Photography,Adventurous,Social media influence
CUST31,Better health and fitness,Technology barriers,Reading,Environmentally conscious,Brand reputation
CUST32,Education advancement,Health issues,Reading,Environmentally conscious,Product quality
CUST33,Education advancement,High living costs,Gardening,Luxury-seeking,Social media influence
CUST34,Financial stability,Limited access to services,Gardening,Community-driven,Convenience
CUST35,Better health and fitness,Time management,Music,Minimalist,Product quality
CUST36,Better health and fitness,Technology barriers,Gardening,Adventurous,Convenience
CUST37,Career growth,Technology barriers,Cooking,Community-driven,Peer recommendations
CUST38,Work-life balance,Limited access to services,Gardening,Career-focused,Discounts and offers
CUST39,Work-life balance,Lack of career opportunities,Cooking,Career-focused,Peer recommendations
CUST40,Travel the world,Limited access to services,Reading,Environmentally conscious,Peer recommendations
CUST41,Work-life balance,Limited access to services,Traveling,Adventurous,Convenience
CUST42,Start a business,High living costs,Cooking,Adventurous,Discounts and offers
CUST43,Career growth,Time management,Traveling,Adventurous,Brand reputation
CUST44,Financial stability,High living costs,Photography,Environmentally conscious,Convenience
CUST45,Career growth,Limited access to services,Music,Community-driven,Peer recommendations
CUST46,Education advancement,Time management,Cooking,Adventurous,Peer recommendations
CUST47,Better health and fitness,Limited access to services,Reading,Environmentally conscious,Product quality
CUST48,Better health and fitness,High living costs,Fitness,Career-focused,Discounts and offers
CUST49,Career growth,Limited access to services,Gardening,Adventurous,Brand reputation
CUST50,Start a business,Time management,Sports,Family-oriented,Product quality
CUST51,Career growth,Time management,Reading,Community-driven,Product quality
CUST52,Travel the world,Health issues,Sports,Family-oriented,Peer recommendations
CUST53,Career growth,High living costs,Traveling,Luxury-seeking,Discounts and offers
CUST54,Better health and fitness,Technology barriers,Reading,Career-focused,Social media influence
CUST55,Work-life balance,Time management,Cooking,Environmentally conscious,Peer recommendations
CUST56,Start a business,Limited access to services,Photography,Environmentally conscious,Peer recommendations
CUST57,Financial stability,Time management,Photography,Minimalist,Convenience
CUST58,Career growth,Technology barriers,Reading,Luxury-seeking,Product quality
CUST59,Better health and fitness,Time management,Photography,Luxury-seeking,Peer recommendations
CUST60,Start a business,Time management,Fitness,Luxury-seeking,Social media influence
CUST61,Financial stability,Limited access to services,Photography,Community-driven,Product quality
CUST62,Financial stability,Technology barriers,Reading,Community-driven,Peer recommendations
CUST63,Financial stability,Limited access to services,Gardening,Luxury-seeking,Peer recommendations
CUST64,Work-life balance,Time management,Fitness,Family-oriented,Discounts and offers
CUST65,Career growth,Technology barriers,Photography,Adventurous,Brand reputation
CUST66,Education advancement,Limited access to services,Photography,Community-driven,Peer recommendations
CUST67,Better health and fitness,Lack of career opportunities,Photography,Community-driven,Product quality
CUST68,Travel the world,Limited access to services,Photography,Career-focused,Convenience
CUST69,Better health and fitness,Lack of career opportunities,Sports,Minimalist,Social media influence
CUST70,Education advancement,High living costs,Fitness,Family-oriented,Discounts and offers
CUST71,Financial stability,High living costs,Reading,Adventurous,Social media influence
CUST72,Better health and fitness,Technology barriers,Reading,Luxury-seeking,Social media influence
CUST73,Career growth,Health issues,Reading,Minimalist,Peer recommendations
CUST74,Financial stability,Time management,Sports,Luxury-seeking,Social media influence
CUST75,Financial stability,High living costs,Photography,Family-oriented,Convenience
CUST76,Travel the world,Technology barriers,Fitness,Adventurous,Convenience
CUST77,Better health and fitness,Limited access to services,Reading,Minimalist,Brand reputation
CUST78,Financial stability,Lack of career opportunities,Traveling,Family-oriented,Social media influence
CUST79,Financial stability,Health issues,Reading,Minimalist,Product quality
CUST80,Start a business,Health issues,Music,Adventurous,Convenience
CUST81,Better health and fitness,High living costs,Photography,Career-focused,Convenience
CUST82,Career growth,Technology barriers,Reading,Community-driven,Social media influence
CUST83,Better health and fitness,Limited access to services,Fitness,Minimalist,Peer recommendations
CUST84,Work-life balance,Lack of career opportunities,Traveling,Adventurous,Product quality
CUST85,Travel the world,High living costs,Cooking,Community-driven,Convenience
CUST86,Education advancement,High living costs,Reading,Career-focused,Brand reputation
CUST87,Better health and fitness,High living costs,Traveling,Adventurous,Social media influence
CUST88,Travel the world,Lack of career opportunities,Traveling,Family-oriented,Social media influence
CUST89,Work-life balance,Health issues,Fitness,Family-oriented,Convenience
CUST90,Education advancement,Limited access to services,Traveling,Community-driven,Peer recommendations
CUST91,Travel the world,Lack of career opportunities,Traveling,Luxury-seeking,Convenience
CUST92,Education advancement,Lack of career opportunities,Photography,Environmentally conscious,Convenience
CUST93,Financial stability,Limited access to services,Traveling,Luxury-seeking,Convenience
CUST94,Education advancement,Health issues,Fitness,Minimalist,Social media influence
CUST95,Better health and fitness,Limited access to services,Gardening,Community-driven,Product quality
CUST96,Travel the world,Health issues,Reading,Career-focused,Social media influence
CUST97,Travel the world,High living costs,Sports,Adventurous,Social media influence
CUST98,Career growth,Technology barriers,Music,Adventurous,Peer recommendations
CUST99,Financial stability,Technology barriers,Sports,Adventurous,Product quality
CUST100,Start a business,High living costs,Traveling,Community-driven,Peer recommendations
